Sample name	AA amplicon number	Feature ID	Classification	Location	Oncogenes	All genes	Complexity score	Captured interval length	Feature median copy number	Feature maximum copy number	Filter flag	Reference version	Tissue of origin	Sample type	Feature BED file	CNV BED file	AA PNG file	AA PDF file	Run metadata JSON
ESO26	1	ESO26_amplicon1_BFB_1	BFB	['chr5:51925610-54458031']	[]	['ARL15', 'FST', 'HSPB3', 'ITGA1', 'ITGA2', 'MOCS2', 'NDUFS4', 'PELO']	0.998804569641696	2532421	5.031071353700711	5.031071353700711	LowCN	GRCh38	esophagus	cell line	/Users/jluebeck/Dropbox/BafnaLab/ecDNA/AA_results/Contino_EAC/contino_ac_102622/Contino_classification_bed_files/ESO26_amplicon1_BFB_1_intervals.bed	/Users/jluebeck/Dropbox/BafnaLab/ecDNA/AA_results/Contino_EAC/contino_ac_102622/files/ERR1414290.cs.rmdup_CNV_CALLS.bed	/Users/jluebeck/Dropbox/BafnaLab/ecDNA/AA_results/Contino_EAC/AA_outputs/ESO26/ESO26_AA_results/ESO26_amplicon1.png	/Users/jluebeck/Dropbox/BafnaLab/ecDNA/AA_results/Contino_EAC/AA_outputs/ESO26/ESO26_AA_results/ESO26_amplicon1.pdf	/Users/jluebeck/Dropbox/BafnaLab/ecDNA/AA_results/Contino_EAC/sample_jsons/ESO26.json
ESO26	2	ESO26_amplicon2_BFB_1	BFB	['chr10:60960382-62980386']	[]	['ADO', 'ARID5B', 'CABCOCO1', 'EGR2', 'RTKN2', 'TMEM26', 'TMEM26-AS1', 'ZNF365']	0.5758234585584305	2020004	5.388892778949169	5.388892778949169	LowCN	GRCh38	esophagus	cell line	/Users/jluebeck/Dropbox/BafnaLab/ecDNA/AA_results/Contino_EAC/contino_ac_102622/Contino_classification_bed_files/ESO26_amplicon2_BFB_1_intervals.bed	/Users/jluebeck/Dropbox/BafnaLab/ecDNA/AA_results/Contino_EAC/contino_ac_102622/files/ERR1414290.cs.rmdup_CNV_CALLS.bed	/Users/jluebeck/Dropbox/BafnaLab/ecDNA/AA_results/Contino_EAC/AA_outputs/ESO26/ESO26_AA_results/ESO26_amplicon2.png	/Users/jluebeck/Dropbox/BafnaLab/ecDNA/AA_results/Contino_EAC/AA_outputs/ESO26/ESO26_AA_results/ESO26_amplicon2.pdf	/Users/jluebeck/Dropbox/BafnaLab/ecDNA/AA_results/Contino_EAC/sample_jsons/ESO26.json
ESO26	3	ESO26_amplicon3_Complex non-cyclic_1	Complex non-cyclic	['chr10:77195401-79310404', 'chr10:83265408-83880410', 'chr10:84185409-84970035']	['RGR']	['CCSER2', 'CDHR1', 'DLG5', 'DLG5-AS1', 'KCNMA1', 'KCNMA1-AS3', 'LRIT1', 'LRIT2', 'POLR3A', 'RGR', 'RPS24', 'ZMIZ1', 'ZMIZ1-AS1']	1.4554714589000688	3514631	5.694690609435769	6.134792395860982	None	GRCh38	esophagus	cell line	/Users/jluebeck/Dropbox/BafnaLab/ecDNA/AA_results/Contino_EAC/contino_ac_102622/Contino_classification_bed_files/ESO26_amplicon3_Complex non-cyclic_1_intervals.bed	/Users/jluebeck/Dropbox/BafnaLab/ecDNA/AA_results/Contino_EAC/contino_ac_102622/files/ERR1414290.cs.rmdup_CNV_CALLS.bed	/Users/jluebeck/Dropbox/BafnaLab/ecDNA/AA_results/Contino_EAC/AA_outputs/ESO26/ESO26_AA_results/ESO26_amplicon3.png	/Users/jluebeck/Dropbox/BafnaLab/ecDNA/AA_results/Contino_EAC/AA_outputs/ESO26/ESO26_AA_results/ESO26_amplicon3.pdf	/Users/jluebeck/Dropbox/BafnaLab/ecDNA/AA_results/Contino_EAC/sample_jsons/ESO26.json
ESO26	4	ESO26_amplicon4_BFB_1	BFB	['chr12:40482928-40488203', 'chr12:40489819-41844267', 'chr12:41845075-43583656', 'chr12:43585746-45509369', 'chr12:45516156-46896664', 'chr12:46896694-46915974']	['ARID2']	['ADAMTS20', 'ANO6', 'ARID2', 'CNTN1', 'DBX2', 'GXYLT1', 'IRAK4', 'NELL2', 'PDZRN4', 'PLEKHA8P1', 'PPHLN1', 'PRICKLE1', 'PUS7L', 'RACGAP1P', 'SCAF11', 'SLC38A1', 'SLC38A2', 'SLC38A4', 'TMEM117', 'TWF1', 'YAF2', 'ZCRB1']	0.9627347516987355	6421715	6.820153734381607	9.299053003212622	None	GRCh38	esophagus	cell line	/Users/jluebeck/Dropbox/BafnaLab/ecDNA/AA_results/Contino_EAC/contino_ac_102622/Contino_classification_bed_files/ESO26_amplicon4_BFB_1_intervals.bed	/Users/jluebeck/Dropbox/BafnaLab/ecDNA/AA_results/Contino_EAC/contino_ac_102622/files/ERR1414290.cs.rmdup_CNV_CALLS.bed	/Users/jluebeck/Dropbox/BafnaLab/ecDNA/AA_results/Contino_EAC/AA_outputs/ESO26/ESO26_AA_results/ESO26_amplicon4.png	/Users/jluebeck/Dropbox/BafnaLab/ecDNA/AA_results/Contino_EAC/AA_outputs/ESO26/ESO26_AA_results/ESO26_amplicon4.pdf	/Users/jluebeck/Dropbox/BafnaLab/ecDNA/AA_results/Contino_EAC/sample_jsons/ESO26.json
ESO26	5	ESO26_amplicon5_BFB_1	BFB	['chr17:38421001-38798474', 'chr17:38800908-38977466', 'chr17:39631095-39849899', 'chr17:40156399-40356360', 'chr17:41746215-41776852']	['CDC6', 'ERBB2', 'LASP1', 'MLLT6', 'RARA', 'RPL23']	['ARHGAP23', 'C17orf98', 'CDC6', 'CISD3', 'CWC25', 'EPOP', 'ERBB2', 'FBXO47', 'GRB7', 'IKZF3', 'LASP1', 'MIEN1', 'MLLT6', 'PCGF2', 'PGAP3', 'PNMT', 'PSMB3', 'RAPGEFL1', 'RARA', 'RARA-AS1', 'RPL23', 'SNORA21', 'SNORA21B', 'SRCIN1', 'STARD3', 'TCAP', 'WIPF2']	1.192181088124252	1003433	19.823465755462504	46.835720558828456	None	GRCh38	esophagus	cell line	/Users/jluebeck/Dropbox/BafnaLab/ecDNA/AA_results/Contino_EAC/contino_ac_102622/Contino_classification_bed_files/ESO26_amplicon5_BFB_1_intervals.bed	/Users/jluebeck/Dropbox/BafnaLab/ecDNA/AA_results/Contino_EAC/contino_ac_102622/files/ERR1414290.cs.rmdup_CNV_CALLS.bed	/Users/jluebeck/Dropbox/BafnaLab/ecDNA/AA_results/Contino_EAC/AA_outputs/ESO26/ESO26_AA_results/ESO26_amplicon5.png	/Users/jluebeck/Dropbox/BafnaLab/ecDNA/AA_results/Contino_EAC/AA_outputs/ESO26/ESO26_AA_results/ESO26_amplicon5.pdf	/Users/jluebeck/Dropbox/BafnaLab/ecDNA/AA_results/Contino_EAC/sample_jsons/ESO26.json
ESO51	1	ESO51_amplicon1_Complex non-cyclic_1	Complex non-cyclic	['chr22:28669350-28669901', 'chr7:111461190-113776120', 'chr7:113782152-117878446']	['CAV1', 'MET', 'WNT2']	['ASZ1', 'BMT2', 'CAPZA2', 'CAV1', 'CAV2', 'CFTR', 'CFTR-AS1', 'CTTNBP2', 'DOCK4', 'DOCK4-AS1', 'FOXP2', 'GPR85', 'HRAT17', 'IFRD1', 'IMMP2L', 'LSMEM1', 'MDFIC', 'MET', 'PPP1R3A', 'SMIM30', 'SNORA25B', 'ST7', 'ST7-AS1', 'ST7-AS2', 'ST7-OT3', 'ST7-OT4', 'TES', 'TFEC', 'TMEM168', 'WNT2', 'ZNF277']	1.2134373390051345	6411775	8.741028788374422	35.927973888235556	None	GRCh38	esophagus	cell line	/Users/jluebeck/Dropbox/BafnaLab/ecDNA/AA_results/Contino_EAC/contino_ac_102622/Contino_classification_bed_files/ESO51_amplicon1_Complex non-cyclic_1_intervals.bed	/Users/jluebeck/Dropbox/BafnaLab/ecDNA/AA_results/Contino_EAC/contino_ac_102622/files/ERR1414289.cs.rmdup_CNV_CALLS.bed	/Users/jluebeck/Dropbox/BafnaLab/ecDNA/AA_results/Contino_EAC/AA_outputs/ESO51/ESO51_AA_results/ESO51_amplicon1.png	/Users/jluebeck/Dropbox/BafnaLab/ecDNA/AA_results/Contino_EAC/AA_outputs/ESO51/ESO51_AA_results/ESO51_amplicon1.pdf	/Users/jluebeck/Dropbox/BafnaLab/ecDNA/AA_results/Contino_EAC/sample_jsons/ESO51.json
ESO51	2	ESO51_amplicon2_Linear amplification_1	Linear amplification	['chr3:37811024-40841096']	['MYD88']	['ACAA1', 'ACVR2B', 'ACVR2B-AS1', 'CCR8', 'CSRNP1', 'CTDSPL', 'CX3CR1', 'DLEC1', 'EIF1B', 'EIF1B-AS1', 'ENTPD3', 'ENTPD3-AS1', 'EXOG', 'GORASP1', 'ITGA9-AS1', 'MOBP', 'MYD88', 'MYRIP', 'OXSR1', 'PLCD1', 'RPL14', 'RPSA', 'SCN10A', 'SCN11A', 'SCN5A', 'SLC22A13', 'SLC22A14', 'SLC25A38', 'SNORA6', 'SNORA62', 'TTC21A', 'VILL', 'WDR48', 'XIRP1', 'XYLB', 'ZNF619', 'ZNF620', 'ZNF621']	0.6332924317354676	3030072	5.426528901471921	5.426528901471921	None	GRCh38	esophagus	cell line	/Users/jluebeck/Dropbox/BafnaLab/ecDNA/AA_results/Contino_EAC/contino_ac_102622/Contino_classification_bed_files/ESO51_amplicon2_Linear amplification_1_intervals.bed	/Users/jluebeck/Dropbox/BafnaLab/ecDNA/AA_results/Contino_EAC/contino_ac_102622/files/ERR1414289.cs.rmdup_CNV_CALLS.bed	/Users/jluebeck/Dropbox/BafnaLab/ecDNA/AA_results/Contino_EAC/AA_outputs/ESO51/ESO51_AA_results/ESO51_amplicon2.png	/Users/jluebeck/Dropbox/BafnaLab/ecDNA/AA_results/Contino_EAC/AA_outputs/ESO51/ESO51_AA_results/ESO51_amplicon2.pdf	/Users/jluebeck/Dropbox/BafnaLab/ecDNA/AA_results/Contino_EAC/sample_jsons/ESO51.json
ESO51	3	ESO51_amplicon3_Complex non-cyclic_1	Complex non-cyclic	['chr3:195576042-196110837', 'chr3:197540987-197751537', 'chr5:1295041-1627023', 'chr5:1628733-1685050']	['MUC4', 'TERT', 'TFRC']	['APOD', 'BDH1', 'CLPTM1L', 'FYTTD1', 'LPCAT1', 'MUC20', 'MUC4', 'RUBCN', 'SDHAP1', 'SDHAP2', 'SDHAP3', 'SLC6A3', 'TERT', 'TFRC', 'TNK2', 'TNK2-AS1']	1.602808693574175	1133644	4.8126057432209395	21.343545889730226	None	GRCh38	esophagus	cell line	/Users/jluebeck/Dropbox/BafnaLab/ecDNA/AA_results/Contino_EAC/contino_ac_102622/Contino_classification_bed_files/ESO51_amplicon3_Complex non-cyclic_1_intervals.bed	/Users/jluebeck/Dropbox/BafnaLab/ecDNA/AA_results/Contino_EAC/contino_ac_102622/files/ERR1414289.cs.rmdup_CNV_CALLS.bed	/Users/jluebeck/Dropbox/BafnaLab/ecDNA/AA_results/Contino_EAC/AA_outputs/ESO51/ESO51_AA_results/ESO51_amplicon3.png	/Users/jluebeck/Dropbox/BafnaLab/ecDNA/AA_results/Contino_EAC/AA_outputs/ESO51/ESO51_AA_results/ESO51_amplicon3.pdf	/Users/jluebeck/Dropbox/BafnaLab/ecDNA/AA_results/Contino_EAC/sample_jsons/ESO51.json
ESO51	4	ESO51_amplicon4_ecDNA_1	ecDNA	['chr7:111079445-111153904']	[]	['LRRN3']	0.29333307207591924	74459	6.428407794859	7.217044195394679	LowCN	GRCh38	esophagus	cell line	/Users/jluebeck/Dropbox/BafnaLab/ecDNA/AA_results/Contino_EAC/contino_ac_102622/Contino_classification_bed_files/ESO51_amplicon4_ecDNA_1_intervals.bed	/Users/jluebeck/Dropbox/BafnaLab/ecDNA/AA_results/Contino_EAC/contino_ac_102622/files/ERR1414289.cs.rmdup_CNV_CALLS.bed	/Users/jluebeck/Dropbox/BafnaLab/ecDNA/AA_results/Contino_EAC/AA_outputs/ESO51/ESO51_AA_results/ESO51_amplicon4.png	/Users/jluebeck/Dropbox/BafnaLab/ecDNA/AA_results/Contino_EAC/AA_outputs/ESO51/ESO51_AA_results/ESO51_amplicon4.pdf	/Users/jluebeck/Dropbox/BafnaLab/ecDNA/AA_results/Contino_EAC/sample_jsons/ESO51.json
ESO51	5	ESO51_amplicon5_Complex non-cyclic_1	Complex non-cyclic	['chr8:42623767-43200001', 'chr11:69152352-69549587', 'chr11:71385856-71386406', 'chr11:118389339-118398556', 'chr11:118399339-118827065', 'chrX:2372508-2374497', 'chrX:2376728-2383058']	['DDX6', 'HOOK3', 'TREH']	['ARCN1', 'ATP5MG', 'CHRNA6', 'CHRNB3', 'DDX6', 'FNTA', 'HGSNAT', 'HOOK3', 'IFT46', 'KMT2A', 'MYEOV', 'PHLDB1', 'POMK', 'RNF170', 'SMIM38', 'THAP1', 'TMEM25', 'TREH', 'TTC36']	1.8344780325387875	1419281	6.187012677720055	18.314654798475086	None	GRCh38	esophagus	cell line	/Users/jluebeck/Dropbox/BafnaLab/ecDNA/AA_results/Contino_EAC/contino_ac_102622/Contino_classification_bed_files/ESO51_amplicon5_Complex non-cyclic_1_intervals.bed	/Users/jluebeck/Dropbox/BafnaLab/ecDNA/AA_results/Contino_EAC/contino_ac_102622/files/ERR1414289.cs.rmdup_CNV_CALLS.bed	/Users/jluebeck/Dropbox/BafnaLab/ecDNA/AA_results/Contino_EAC/AA_outputs/ESO51/ESO51_AA_results/ESO51_amplicon5.png	/Users/jluebeck/Dropbox/BafnaLab/ecDNA/AA_results/Contino_EAC/AA_outputs/ESO51/ESO51_AA_results/ESO51_amplicon5.pdf	/Users/jluebeck/Dropbox/BafnaLab/ecDNA/AA_results/Contino_EAC/sample_jsons/ESO51.json
ESO51	6	ESO51_amplicon6_BFB_1	BFB	['chr8:126888955-128211006']	['MYC', 'PVT1']	['CASC11', 'CASC19', 'CASC21', 'CASC8', 'CCAT1', 'CCAT2', 'MYC', 'PCAT1', 'PCAT2', 'POU5F1B', 'PRNCR1', 'PVT1', 'TMEM75']	1.1355518924644366	1322051	17.663883485497255	17.663883485497255	None	GRCh38	esophagus	cell line	/Users/jluebeck/Dropbox/BafnaLab/ecDNA/AA_results/Contino_EAC/contino_ac_102622/Contino_classification_bed_files/ESO51_amplicon6_BFB_1_intervals.bed	/Users/jluebeck/Dropbox/BafnaLab/ecDNA/AA_results/Contino_EAC/contino_ac_102622/files/ERR1414289.cs.rmdup_CNV_CALLS.bed	/Users/jluebeck/Dropbox/BafnaLab/ecDNA/AA_results/Contino_EAC/AA_outputs/ESO51/ESO51_AA_results/ESO51_amplicon6.png	/Users/jluebeck/Dropbox/BafnaLab/ecDNA/AA_results/Contino_EAC/AA_outputs/ESO51/ESO51_AA_results/ESO51_amplicon6.pdf	/Users/jluebeck/Dropbox/BafnaLab/ecDNA/AA_results/Contino_EAC/sample_jsons/ESO51.json
ESO51	7	ESO51_amplicon7_Linear amplification_1	Linear amplification	['chr11:125661600-125781316']	[]	['ACRV1', 'PATE1', 'PATE2']	0.36420736969867773	119716	6.4181118749828885	6.4181118749828885	None	GRCh38	esophagus	cell line	/Users/jluebeck/Dropbox/BafnaLab/ecDNA/AA_results/Contino_EAC/contino_ac_102622/Contino_classification_bed_files/ESO51_amplicon7_Linear amplification_1_intervals.bed	/Users/jluebeck/Dropbox/BafnaLab/ecDNA/AA_results/Contino_EAC/contino_ac_102622/files/ERR1414289.cs.rmdup_CNV_CALLS.bed	/Users/jluebeck/Dropbox/BafnaLab/ecDNA/AA_results/Contino_EAC/AA_outputs/ESO51/ESO51_AA_results/ESO51_amplicon7.png	/Users/jluebeck/Dropbox/BafnaLab/ecDNA/AA_results/Contino_EAC/AA_outputs/ESO51/ESO51_AA_results/ESO51_amplicon7.pdf	/Users/jluebeck/Dropbox/BafnaLab/ecDNA/AA_results/Contino_EAC/sample_jsons/ESO51.json
ESO51	8	ESO51_amplicon8_Linear amplification_1	Linear amplification	['chr16:22610956-22700945']	[]	[]	0.33996653686043776	89989	6.022062281781403	6.022062281781403	None	GRCh38	esophagus	cell line	/Users/jluebeck/Dropbox/BafnaLab/ecDNA/AA_results/Contino_EAC/contino_ac_102622/Contino_classification_bed_files/ESO51_amplicon8_Linear amplification_1_intervals.bed	/Users/jluebeck/Dropbox/BafnaLab/ecDNA/AA_results/Contino_EAC/contino_ac_102622/files/ERR1414289.cs.rmdup_CNV_CALLS.bed	/Users/jluebeck/Dropbox/BafnaLab/ecDNA/AA_results/Contino_EAC/AA_outputs/ESO51/ESO51_AA_results/ESO51_amplicon8.png	/Users/jluebeck/Dropbox/BafnaLab/ecDNA/AA_results/Contino_EAC/AA_outputs/ESO51/ESO51_AA_results/ESO51_amplicon8.pdf	/Users/jluebeck/Dropbox/BafnaLab/ecDNA/AA_results/Contino_EAC/sample_jsons/ESO51.json
ESO51	9	ESO51_amplicon9_ecDNA_1	ecDNA	['chr20:49132929-54297674']	['CYP24A1', 'SALL4', 'SNAI1', 'ZNF217']	['ADNP', 'ADNP-AS1', 'ATP9A', 'B4GALT5', 'BCAS1', 'BCAS4', 'CEBPB', 'CEBPB-AS1', 'CYP24A1', 'DDX27', 'DPM1', 'KCNB1', 'KCNG1', 'MOCS3', 'NFATC2', 'PARD6B', 'PFDN4', 'PTGIS', 'PTPN1', 'RIPOR3', 'RNF114', 'SALL4', 'SLC9A8', 'SMIM25', 'SNAI1', 'SNORD12', 'SNORD12B', 'SNORD12C', 'SPATA2', 'STAU1', 'SUMO1P1', 'TMEM189', 'TMEM189-UBE2V1', 'TRERNA1', 'TSHZ2', 'UBE2V1', 'ZFAS1', 'ZFP64', 'ZNF217', 'ZNFX1']	0.3553896017974065	5164745	7.491971114608349	9.59476633124432	None	GRCh38	esophagus	cell line	/Users/jluebeck/Dropbox/BafnaLab/ecDNA/AA_results/Contino_EAC/contino_ac_102622/Contino_classification_bed_files/ESO51_amplicon9_ecDNA_1_intervals.bed	/Users/jluebeck/Dropbox/BafnaLab/ecDNA/AA_results/Contino_EAC/contino_ac_102622/files/ERR1414289.cs.rmdup_CNV_CALLS.bed	/Users/jluebeck/Dropbox/BafnaLab/ecDNA/AA_results/Contino_EAC/AA_outputs/ESO51/ESO51_AA_results/ESO51_amplicon9.png	/Users/jluebeck/Dropbox/BafnaLab/ecDNA/AA_results/Contino_EAC/AA_outputs/ESO51/ESO51_AA_results/ESO51_amplicon9.pdf	/Users/jluebeck/Dropbox/BafnaLab/ecDNA/AA_results/Contino_EAC/sample_jsons/ESO51.json
FLO-1	1	FLO-1_amplicon1_Complex non-cyclic_1	Complex non-cyclic	['chr6:21869584-25759511', 'chr6:48679775-48700287', 'chr6:114959027-114979539', 'chr22:32512060-32532573']	['GMNN']	['ACOT13', 'ALDH5A1', 'ARMH2', 'C6orf62', 'CARMIL1', 'CMAHP', 'DCDC2', 'GMNN', 'GPLD1', 'H2AC1', 'H2AC2P', 'H2BC1', 'HDGFL1', 'KAAG1', 'KIAA0319', 'MRS2', 'NBAT1', 'NRSN1', 'PRL', 'RIPOR2', 'SCGN', 'SLC17A4', 'TDP2']	0.617709577578974	3951464	5.591770354012752	7.706659521085718	None	GRCh38	esophagus	cell line	/Users/jluebeck/Dropbox/BafnaLab/ecDNA/AA_results/Contino_EAC/contino_ac_102622/Contino_classification_bed_files/FLO-1_amplicon1_Complex non-cyclic_1_intervals.bed	/Users/jluebeck/Dropbox/BafnaLab/ecDNA/AA_results/Contino_EAC/contino_ac_102622/files/ERR1414288.cs.rmdup_CNV_CALLS.bed	/Users/jluebeck/Dropbox/BafnaLab/ecDNA/AA_results/Contino_EAC/AA_outputs/FLO-1/FLO-1_AA_results/FLO-1_amplicon1.png	/Users/jluebeck/Dropbox/BafnaLab/ecDNA/AA_results/Contino_EAC/AA_outputs/FLO-1/FLO-1_AA_results/FLO-1_amplicon1.pdf	/Users/jluebeck/Dropbox/BafnaLab/ecDNA/AA_results/Contino_EAC/sample_jsons/FLO-1.json
FLO-1	2	FLO-1_amplicon2_Linear amplification_1	Linear amplification	['chr8:13689318-13824316']	[]	[]	0.3006598021351224	134998	4.830316972518912	4.830316972518913	LowCN	GRCh38	esophagus	cell line	/Users/jluebeck/Dropbox/BafnaLab/ecDNA/AA_results/Contino_EAC/contino_ac_102622/Contino_classification_bed_files/FLO-1_amplicon2_Linear amplification_1_intervals.bed	/Users/jluebeck/Dropbox/BafnaLab/ecDNA/AA_results/Contino_EAC/contino_ac_102622/files/ERR1414288.cs.rmdup_CNV_CALLS.bed	/Users/jluebeck/Dropbox/BafnaLab/ecDNA/AA_results/Contino_EAC/AA_outputs/FLO-1/FLO-1_AA_results/FLO-1_amplicon2.png	/Users/jluebeck/Dropbox/BafnaLab/ecDNA/AA_results/Contino_EAC/AA_outputs/FLO-1/FLO-1_AA_results/FLO-1_amplicon2.pdf	/Users/jluebeck/Dropbox/BafnaLab/ecDNA/AA_results/Contino_EAC/sample_jsons/FLO-1.json
FLO-1	3	FLO-1_amplicon3_ecDNA_1	ecDNA	['chr9:110524069-110678202']	[]	['MUSK', 'SVEP1']	0.31640977765463535	154133	4.875774655726435	4.875774655726435	LowCN	GRCh38	esophagus	cell line	/Users/jluebeck/Dropbox/BafnaLab/ecDNA/AA_results/Contino_EAC/contino_ac_102622/Contino_classification_bed_files/FLO-1_amplicon3_ecDNA_1_intervals.bed	/Users/jluebeck/Dropbox/BafnaLab/ecDNA/AA_results/Contino_EAC/contino_ac_102622/files/ERR1414288.cs.rmdup_CNV_CALLS.bed	/Users/jluebeck/Dropbox/BafnaLab/ecDNA/AA_results/Contino_EAC/AA_outputs/FLO-1/FLO-1_AA_results/FLO-1_amplicon3.png	/Users/jluebeck/Dropbox/BafnaLab/ecDNA/AA_results/Contino_EAC/AA_outputs/FLO-1/FLO-1_AA_results/FLO-1_amplicon3.pdf	/Users/jluebeck/Dropbox/BafnaLab/ecDNA/AA_results/Contino_EAC/sample_jsons/FLO-1.json
FLO-1	4	FLO-1_amplicon4_ecDNA_1	ecDNA	['chr9:121241736-121482063']	[]	['GSN-AS1', 'STOM']	0.31853543669293	240327	5.397767327946513	5.397767327946513	LowCN	GRCh38	esophagus	cell line	/Users/jluebeck/Dropbox/BafnaLab/ecDNA/AA_results/Contino_EAC/contino_ac_102622/Contino_classification_bed_files/FLO-1_amplicon4_ecDNA_1_intervals.bed	/Users/jluebeck/Dropbox/BafnaLab/ecDNA/AA_results/Contino_EAC/contino_ac_102622/files/ERR1414288.cs.rmdup_CNV_CALLS.bed	/Users/jluebeck/Dropbox/BafnaLab/ecDNA/AA_results/Contino_EAC/AA_outputs/FLO-1/FLO-1_AA_results/FLO-1_amplicon4.png	/Users/jluebeck/Dropbox/BafnaLab/ecDNA/AA_results/Contino_EAC/AA_outputs/FLO-1/FLO-1_AA_results/FLO-1_amplicon4.pdf	/Users/jluebeck/Dropbox/BafnaLab/ecDNA/AA_results/Contino_EAC/sample_jsons/FLO-1.json
JH-EsoAd1	1	JH-EsoAd1_amplicon1_Complex non-cyclic_1	Complex non-cyclic	['chr22:18929556-21304481', 'chr22:21334466-21866470', 'chr7:556647-566717', 'chr1:4757637-4768143', 'chr1:246622888-246643394', 'chr8:141746168-141756674', 'chr2:38711843-38721720']	['CLTCL1', 'CRKL']	['AIFM3', 'ARVCF', 'BCRP2', 'C22orf39', 'CCDC116', 'CCDC188', 'CDC45', 'CLDN5', 'CLTCL1', 'COMT', 'CRKL', 'DGCR10', 'DGCR11', 'DGCR2', 'DGCR5', 'DGCR6L', 'DGCR8', 'DGCR9', 'ESS2', 'FAM230B', 'FAM230G', 'GGT2', 'GNB1L', 'GP1BB', 'GSC2', 'HIC2', 'HIRA', 'KLHL22', 'LRRC74B', 'LZTR1', 'MED15', 'MRPL40', 'P2RX6', 'P2RX6P', 'PI4KA', 'PI4KAP2', 'POM121L4P', 'POM121L8P', 'PPIL2', 'PRODH', 'RANBP1', 'RIMBP3B', 'RIMBP3C', 'RTL10', 'RTN4R', 'SCARF2', 'SDF2L1', 'SEPT5-GP1BB', 'SEPTIN5', 'SERPIND1', 'SLC25A1', 'SLC7A4', 'SNAP29', 'SNORA77B', 'TANGO2', 'TBX1', 'THAP7', 'THAP7-AS1', 'TMEM191A', 'TMEM191C', 'TRMT2A', 'TSSK2', 'TUBA3FP', 'TXNRD2', 'UBE2L3', 'UFD1', 'YDJC', 'YPEL1', 'ZDHHC8', 'ZNF74']	0.9097877830968306	2968394	12.109468499743066	16.58726684672552	None	GRCh38	esophagus	cell line	/Users/jluebeck/Dropbox/BafnaLab/ecDNA/AA_results/Contino_EAC/contino_ac_102622/Contino_classification_bed_files/JH-EsoAd1_amplicon1_Complex non-cyclic_1_intervals.bed	/Users/jluebeck/Dropbox/BafnaLab/ecDNA/AA_results/Contino_EAC/contino_ac_102622/files/ERR1414287.cs.rmdup_CNV_CALLS.bed	/Users/jluebeck/Dropbox/BafnaLab/ecDNA/AA_results/Contino_EAC/AA_outputs/JH-EsoAd1/JH-EsoAd1_AA_results/JH-EsoAd1_amplicon1.png	/Users/jluebeck/Dropbox/BafnaLab/ecDNA/AA_results/Contino_EAC/AA_outputs/JH-EsoAd1/JH-EsoAd1_AA_results/JH-EsoAd1_amplicon1.pdf	/Users/jluebeck/Dropbox/BafnaLab/ecDNA/AA_results/Contino_EAC/sample_jsons/JH-EsoAd1.json
JH-EsoAd1	2	JH-EsoAd1_amplicon2_ecDNA_1	ecDNA	['chr7:60936305-60938400', 'chr7:61010701-61025963', 'chr7:61026407-61027153', 'chr7:62301170-62301323', 'chr7:62307415-62408557']	[]	[]	0.6493475061496785	119398	4.977916753171078	8.184656855640497	None	GRCh38	esophagus	cell line	/Users/jluebeck/Dropbox/BafnaLab/ecDNA/AA_results/Contino_EAC/contino_ac_102622/Contino_classification_bed_files/JH-EsoAd1_amplicon2_ecDNA_1_intervals.bed	/Users/jluebeck/Dropbox/BafnaLab/ecDNA/AA_results/Contino_EAC/contino_ac_102622/files/ERR1414287.cs.rmdup_CNV_CALLS.bed	/Users/jluebeck/Dropbox/BafnaLab/ecDNA/AA_results/Contino_EAC/AA_outputs/JH-EsoAd1/JH-EsoAd1_AA_results/JH-EsoAd1_amplicon2.png	/Users/jluebeck/Dropbox/BafnaLab/ecDNA/AA_results/Contino_EAC/AA_outputs/JH-EsoAd1/JH-EsoAd1_AA_results/JH-EsoAd1_amplicon2.pdf	/Users/jluebeck/Dropbox/BafnaLab/ecDNA/AA_results/Contino_EAC/sample_jsons/JH-EsoAd1.json
JH-EsoAd1	3	JH-EsoAd1_amplicon3_ecDNA_1	ecDNA	['chr11:92522622-93279810', 'chr11:100289218-100289612', 'chr11:100351147-100430272', 'chr11:100446959-103728117']	['BIRC2', 'BIRC3', 'MMP12', 'YAP1']	['ANGPTL5', 'ARHGAP42', 'BIRC2', 'BIRC3', 'CEP126', 'CFAP300', 'DCUN1D5', 'DYNC2H1', 'MMP1', 'MMP10', 'MMP12', 'MMP13', 'MMP20', 'MMP27', 'MMP3', 'MMP7', 'MMP8', 'MTNR1B', 'PGR', 'PGR-AS1', 'SLC36A4', 'SNORD13I', 'TMEM123', 'TRPC6', 'WTAPP1', 'YAP1']	1.1561389882966566	4117865	18.66503359430104	19.87754226477748	None	GRCh38	esophagus	cell line	/Users/jluebeck/Dropbox/BafnaLab/ecDNA/AA_results/Contino_EAC/contino_ac_102622/Contino_classification_bed_files/JH-EsoAd1_amplicon3_ecDNA_1_intervals.bed	/Users/jluebeck/Dropbox/BafnaLab/ecDNA/AA_results/Contino_EAC/contino_ac_102622/files/ERR1414287.cs.rmdup_CNV_CALLS.bed	/Users/jluebeck/Dropbox/BafnaLab/ecDNA/AA_results/Contino_EAC/AA_outputs/JH-EsoAd1/JH-EsoAd1_AA_results/JH-EsoAd1_amplicon3.png	/Users/jluebeck/Dropbox/BafnaLab/ecDNA/AA_results/Contino_EAC/AA_outputs/JH-EsoAd1/JH-EsoAd1_AA_results/JH-EsoAd1_amplicon3.pdf	/Users/jluebeck/Dropbox/BafnaLab/ecDNA/AA_results/Contino_EAC/sample_jsons/JH-EsoAd1.json
JH-EsoAd1	4	JH-EsoAd1_amplicon4_ecDNA_1	ecDNA	['chr17:51254237-51254246', 'chr17:51256623-51256868', 'chr17:64035922-64253666']	[]	['ERN1', 'SNHG25', 'SNORA50C', 'SNORD104', 'TEX2']	0.21723319321715576	217998	11.020319796243008	12.23780765294106	None	GRCh38	esophagus	cell line	/Users/jluebeck/Dropbox/BafnaLab/ecDNA/AA_results/Contino_EAC/contino_ac_102622/Contino_classification_bed_files/JH-EsoAd1_amplicon4_ecDNA_1_intervals.bed	/Users/jluebeck/Dropbox/BafnaLab/ecDNA/AA_results/Contino_EAC/contino_ac_102622/files/ERR1414287.cs.rmdup_CNV_CALLS.bed	/Users/jluebeck/Dropbox/BafnaLab/ecDNA/AA_results/Contino_EAC/AA_outputs/JH-EsoAd1/JH-EsoAd1_AA_results/JH-EsoAd1_amplicon4.png	/Users/jluebeck/Dropbox/BafnaLab/ecDNA/AA_results/Contino_EAC/AA_outputs/JH-EsoAd1/JH-EsoAd1_AA_results/JH-EsoAd1_amplicon4.pdf	/Users/jluebeck/Dropbox/BafnaLab/ecDNA/AA_results/Contino_EAC/sample_jsons/JH-EsoAd1.json
JH-EsoAd1	5	JH-EsoAd1_amplicon5_ecDNA_1	ecDNA	['chr19:23022166-23081536', 'chr19:23082525-23098288', 'chr19:23174118-23322935', 'chr19:23322939-23412206', 'chr19:23448165-23461775', 'chr19:23465898-23468180', 'chr19:23477505-23491963', 'chr19:29286146-29897905', 'chr19:29902193-31138086']	['CCNE1']	['C19orf12', 'CCNE1', 'IPO5P1', 'PLEKHF1', 'POP4', 'URI1', 'VSTM2B', 'ZNF536', 'ZNF724', 'ZNF91']	0.8497521193040268	2191219	6.770292724361539	9.220483727517632	None	GRCh38	esophagus	cell line	/Users/jluebeck/Dropbox/BafnaLab/ecDNA/AA_results/Contino_EAC/contino_ac_102622/Contino_classification_bed_files/JH-EsoAd1_amplicon5_ecDNA_1_intervals.bed	/Users/jluebeck/Dropbox/BafnaLab/ecDNA/AA_results/Contino_EAC/contino_ac_102622/files/ERR1414287.cs.rmdup_CNV_CALLS.bed	/Users/jluebeck/Dropbox/BafnaLab/ecDNA/AA_results/Contino_EAC/AA_outputs/JH-EsoAd1/JH-EsoAd1_AA_results/JH-EsoAd1_amplicon5.png	/Users/jluebeck/Dropbox/BafnaLab/ecDNA/AA_results/Contino_EAC/AA_outputs/JH-EsoAd1/JH-EsoAd1_AA_results/JH-EsoAd1_amplicon5.pdf	/Users/jluebeck/Dropbox/BafnaLab/ecDNA/AA_results/Contino_EAC/sample_jsons/JH-EsoAd1.json
JH-EsoAd1	5	JH-EsoAd1_amplicon5_ecDNA_2	ecDNA	['chr19:32897736-34110358', 'chr19:34246214-35266007']	['CEBPA']	['CEBPA', 'CEBPA-DT', 'CEBPG', 'CEP89', 'CHST8', 'FAAP24', 'FAM187B', 'FXYD1', 'FXYD3', 'FXYD5', 'FXYD7', 'GPATCH1', 'GPI', 'GRAMD1A', 'HPN', 'HPN-AS1', 'KCTD15', 'KIAA0355', 'LGI4', 'LRP3', 'LSR', 'PDCD2L', 'PEPD', 'RHPN2', 'SCGB1B2P', 'SCGB2B2', 'SCGB2B3P', 'SCN1B', 'SLC7A10', 'UBA2', 'WDR88', 'WTIP', 'ZNF181', 'ZNF30', 'ZNF30-AS1', 'ZNF302', 'ZNF599', 'ZNF792', 'ZNF807P']	0.7423444701003765	2232415	7.076338935910476	102.05594924461744	None	GRCh38	esophagus	cell line	/Users/jluebeck/Dropbox/BafnaLab/ecDNA/AA_results/Contino_EAC/contino_ac_102622/Contino_classification_bed_files/JH-EsoAd1_amplicon5_ecDNA_2_intervals.bed	/Users/jluebeck/Dropbox/BafnaLab/ecDNA/AA_results/Contino_EAC/contino_ac_102622/files/ERR1414287.cs.rmdup_CNV_CALLS.bed	/Users/jluebeck/Dropbox/BafnaLab/ecDNA/AA_results/Contino_EAC/AA_outputs/JH-EsoAd1/JH-EsoAd1_AA_results/JH-EsoAd1_amplicon5.png	/Users/jluebeck/Dropbox/BafnaLab/ecDNA/AA_results/Contino_EAC/AA_outputs/JH-EsoAd1/JH-EsoAd1_AA_results/JH-EsoAd1_amplicon5.pdf	/Users/jluebeck/Dropbox/BafnaLab/ecDNA/AA_results/Contino_EAC/sample_jsons/JH-EsoAd1.json
OACM5.1	1	OACM5.1_amplicon1_ecDNA_1	ecDNA	['chr7:105841079-108171103', 'chr7:108207886-109796625', 'chr7:109813844-110856461', 'chr7:110867747-112448439']	['CBLL1']	['BCAP29', 'C7orf66', 'CBLL1', 'CCDC71L', 'CDHR3', 'COG5', 'DLD', 'DNAJB9', 'DOCK4', 'DOCK4-AS1', 'DUS4L', 'DUS4L-BCAP29', 'EIF3IP1', 'GPR22', 'HBP1', 'IFRD1', 'IMMP2L', 'LAMB1', 'LAMB4', 'LRRN3', 'NAMPT', 'NRCAM', 'PIK3CG', 'PNPLA8', 'PRKAR2B', 'SLC26A3', 'SLC26A4', 'SLC26A4-AS1', 'SYPL1', 'THAP5', 'ZNF277']	1.0105481044998683	6542072	4.875136520781019	11.21245913342598	None	GRCh38	esophagus	cell line	/Users/jluebeck/Dropbox/BafnaLab/ecDNA/AA_results/Contino_EAC/contino_ac_102622/Contino_classification_bed_files/OACM5.1_amplicon1_ecDNA_1_intervals.bed	/Users/jluebeck/Dropbox/BafnaLab/ecDNA/AA_results/Contino_EAC/contino_ac_102622/files/ERR1414286.cs.rmdup_CNV_CALLS.bed	/Users/jluebeck/Dropbox/BafnaLab/ecDNA/AA_results/Contino_EAC/AA_outputs/OACM5.1/OACM5.1_AA_results/OACM5.1_amplicon1.png	/Users/jluebeck/Dropbox/BafnaLab/ecDNA/AA_results/Contino_EAC/AA_outputs/OACM5.1/OACM5.1_AA_results/OACM5.1_amplicon1.pdf	/Users/jluebeck/Dropbox/BafnaLab/ecDNA/AA_results/Contino_EAC/sample_jsons/OACM5.1.json
OACP4-C	10	OACP4-C_amplicon10_ecDNA_1	ecDNA	['chr7:16754473-16873928']	[]	['AGR2']	0.18121844640063686	119455	4.94802598626661	4.94802598626661	LowCN	GRCh38	esophagus	cell line	/Users/jluebeck/Dropbox/BafnaLab/ecDNA/AA_results/Contino_EAC/contino_ac_102622/Contino_classification_bed_files/OACP4-C_amplicon10_ecDNA_1_intervals.bed	/Users/jluebeck/Dropbox/BafnaLab/ecDNA/AA_results/Contino_EAC/contino_ac_102622/files/ERR1414285.cs.rmdup_CNV_CALLS.bed	/Users/jluebeck/Dropbox/BafnaLab/ecDNA/AA_results/Contino_EAC/AA_outputs/OACP4-C/OACP4-C_AA_results/OACP4-C_amplicon10.png	/Users/jluebeck/Dropbox/BafnaLab/ecDNA/AA_results/Contino_EAC/AA_outputs/OACP4-C/OACP4-C_AA_results/OACP4-C_amplicon10.pdf	/Users/jluebeck/Dropbox/BafnaLab/ecDNA/AA_results/Contino_EAC/sample_jsons/OACP4-C.json
OACP4-C	11	OACP4-C_amplicon11_Complex non-cyclic_1	Complex non-cyclic	['chr18:8275483-8400490', 'chr7:81146554-81316554', 'chr7:81488768-81509293', 'chr7:81786547-81796705', 'chr7:88021472-88376469', 'chr7:89671452-89996449', 'chr7:90386443-90861440', 'chr7:94726391-96071377']	['CDK14']	['ASB4', 'CDK14', 'CLDN12', 'DYNC1I1', 'PDK4', 'PON1', 'PON2', 'PON3', 'PPP1R9A', 'SRI', 'STEAP4']	1.8332046664644586	2825667	8.376440869804672	11.671046873801796	None	GRCh38	esophagus	cell line	/Users/jluebeck/Dropbox/BafnaLab/ecDNA/AA_results/Contino_EAC/contino_ac_102622/Contino_classification_bed_files/OACP4-C_amplicon11_Complex non-cyclic_1_intervals.bed	/Users/jluebeck/Dropbox/BafnaLab/ecDNA/AA_results/Contino_EAC/contino_ac_102622/files/ERR1414285.cs.rmdup_CNV_CALLS.bed	/Users/jluebeck/Dropbox/BafnaLab/ecDNA/AA_results/Contino_EAC/AA_outputs/OACP4-C/OACP4-C_AA_results/OACP4-C_amplicon11.png	/Users/jluebeck/Dropbox/BafnaLab/ecDNA/AA_results/Contino_EAC/AA_outputs/OACP4-C/OACP4-C_AA_results/OACP4-C_amplicon11.pdf	/Users/jluebeck/Dropbox/BafnaLab/ecDNA/AA_results/Contino_EAC/sample_jsons/OACP4-C.json
OACP4-C	12	OACP4-C_amplicon12_ecDNA_1	ecDNA	['chr7:99882679-100088457', 'chr7:150967200-151238928', 'chr7:151272670-151273185']	[]	['ABCB8', 'ABCF2', 'AGAP3', 'ASB10', 'ASIC3', 'ATG9B', 'AZGP1', 'AZGP1P1', 'CDK5', 'CHPF2', 'FASTK', 'GBX1', 'GJC3', 'H2BE1', 'IQCA1L', 'NOS3', 'SLC4A2', 'TMUB1', 'TRIM4', 'ZKSCAN1', 'ZNF3', 'ZSCAN21']	0.6472582497424804	478021	7.021558026976506	14.944906790460248	None	GRCh38	esophagus	cell line	/Users/jluebeck/Dropbox/BafnaLab/ecDNA/AA_results/Contino_EAC/contino_ac_102622/Contino_classification_bed_files/OACP4-C_amplicon12_ecDNA_1_intervals.bed	/Users/jluebeck/Dropbox/BafnaLab/ecDNA/AA_results/Contino_EAC/contino_ac_102622/files/ERR1414285.cs.rmdup_CNV_CALLS.bed	/Users/jluebeck/Dropbox/BafnaLab/ecDNA/AA_results/Contino_EAC/AA_outputs/OACP4-C/OACP4-C_AA_results/OACP4-C_amplicon12.png	/Users/jluebeck/Dropbox/BafnaLab/ecDNA/AA_results/Contino_EAC/AA_outputs/OACP4-C/OACP4-C_AA_results/OACP4-C_amplicon12.pdf	/Users/jluebeck/Dropbox/BafnaLab/ecDNA/AA_results/Contino_EAC/sample_jsons/OACP4-C.json
OACP4-C	13	OACP4-C_amplicon13_ecDNA_1	ecDNA	['chr11:25474283-25475617', 'chr11:26407805-26468934', 'chr11:29538348-29809512']	[]	[]	0.2815910147694167	333627	5.653531809257598	7.272131029903994	LowCN	GRCh38	esophagus	cell line	/Users/jluebeck/Dropbox/BafnaLab/ecDNA/AA_results/Contino_EAC/contino_ac_102622/Contino_classification_bed_files/OACP4-C_amplicon13_ecDNA_1_intervals.bed	/Users/jluebeck/Dropbox/BafnaLab/ecDNA/AA_results/Contino_EAC/contino_ac_102622/files/ERR1414285.cs.rmdup_CNV_CALLS.bed	/Users/jluebeck/Dropbox/BafnaLab/ecDNA/AA_results/Contino_EAC/AA_outputs/OACP4-C/OACP4-C_AA_results/OACP4-C_amplicon13.png	/Users/jluebeck/Dropbox/BafnaLab/ecDNA/AA_results/Contino_EAC/AA_outputs/OACP4-C/OACP4-C_AA_results/OACP4-C_amplicon13.pdf	/Users/jluebeck/Dropbox/BafnaLab/ecDNA/AA_results/Contino_EAC/sample_jsons/OACP4-C.json
OACP4-C	14	OACP4-C_amplicon14_ecDNA_1	ecDNA	['chr8:126276246-128253744', 'chr8:128259748-128270210']	['MYC', 'PVT1']	['CASC11', 'CASC19', 'CASC21', 'CASC8', 'CCAT1', 'CCAT2', 'LRATD2', 'MYC', 'PCAT1', 'PCAT2', 'POU5F1B', 'PRNCR1', 'PVT1', 'TMEM75']	0.3640119652681385	1987960	6.717470990062701	9.875378621323653	None	GRCh38	esophagus	cell line	/Users/jluebeck/Dropbox/BafnaLab/ecDNA/AA_results/Contino_EAC/contino_ac_102622/Contino_classification_bed_files/OACP4-C_amplicon14_ecDNA_1_intervals.bed	/Users/jluebeck/Dropbox/BafnaLab/ecDNA/AA_results/Contino_EAC/contino_ac_102622/files/ERR1414285.cs.rmdup_CNV_CALLS.bed	/Users/jluebeck/Dropbox/BafnaLab/ecDNA/AA_results/Contino_EAC/AA_outputs/OACP4-C/OACP4-C_AA_results/OACP4-C_amplicon14.png	/Users/jluebeck/Dropbox/BafnaLab/ecDNA/AA_results/Contino_EAC/AA_outputs/OACP4-C/OACP4-C_AA_results/OACP4-C_amplicon14.pdf	/Users/jluebeck/Dropbox/BafnaLab/ecDNA/AA_results/Contino_EAC/sample_jsons/OACP4-C.json
OACP4-C	15	OACP4-C_amplicon15_Complex non-cyclic_1	Complex non-cyclic	['chr10:71950395-73320398', 'chr17:34336389-34346913']	[]	['ANAPC16', 'ASCC1', 'CHST3', 'DDIT4', 'DNAJB12', 'DNAJC9', 'DNAJC9-AS1', 'ECD', 'FAM149B1', 'MCU', 'MICU1', 'MRPS16', 'NUDT13', 'OIT3', 'P4HA1', 'PLA2G12B', 'SNORA11F', 'SPOCK2']	0.36177569496621875	1380527	7.352700434030835	7.390377169847361	None	GRCh38	esophagus	cell line	/Users/jluebeck/Dropbox/BafnaLab/ecDNA/AA_results/Contino_EAC/contino_ac_102622/Contino_classification_bed_files/OACP4-C_amplicon15_Complex non-cyclic_1_intervals.bed	/Users/jluebeck/Dropbox/BafnaLab/ecDNA/AA_results/Contino_EAC/contino_ac_102622/files/ERR1414285.cs.rmdup_CNV_CALLS.bed	/Users/jluebeck/Dropbox/BafnaLab/ecDNA/AA_results/Contino_EAC/AA_outputs/OACP4-C/OACP4-C_AA_results/OACP4-C_amplicon15.png	/Users/jluebeck/Dropbox/BafnaLab/ecDNA/AA_results/Contino_EAC/AA_outputs/OACP4-C/OACP4-C_AA_results/OACP4-C_amplicon15.pdf	/Users/jluebeck/Dropbox/BafnaLab/ecDNA/AA_results/Contino_EAC/sample_jsons/OACP4-C.json
OACP4-C	16	OACP4-C_amplicon16_Linear amplification_1	Linear amplification	['chr10:119165449-119280450']	[]	['GRK5', 'PRDX3', 'SFXN4']	0.49323218878670066	115001	5.670273229580602	7.313004221743414	None	GRCh38	esophagus	cell line	/Users/jluebeck/Dropbox/BafnaLab/ecDNA/AA_results/Contino_EAC/contino_ac_102622/Contino_classification_bed_files/OACP4-C_amplicon16_Linear amplification_1_intervals.bed	/Users/jluebeck/Dropbox/BafnaLab/ecDNA/AA_results/Contino_EAC/contino_ac_102622/files/ERR1414285.cs.rmdup_CNV_CALLS.bed	/Users/jluebeck/Dropbox/BafnaLab/ecDNA/AA_results/Contino_EAC/AA_outputs/OACP4-C/OACP4-C_AA_results/OACP4-C_amplicon16.png	/Users/jluebeck/Dropbox/BafnaLab/ecDNA/AA_results/Contino_EAC/AA_outputs/OACP4-C/OACP4-C_AA_results/OACP4-C_amplicon16.pdf	/Users/jluebeck/Dropbox/BafnaLab/ecDNA/AA_results/Contino_EAC/sample_jsons/OACP4-C.json
OACP4-C	17	OACP4-C_amplicon17_ecDNA_1	ecDNA	['chr11:34566095-34680250']	[]	['EHF']	0.26083980239855237	114155	6.17133511912983	6.17133511912983	LowCN	GRCh38	esophagus	cell line	/Users/jluebeck/Dropbox/BafnaLab/ecDNA/AA_results/Contino_EAC/contino_ac_102622/Contino_classification_bed_files/OACP4-C_amplicon17_ecDNA_1_intervals.bed	/Users/jluebeck/Dropbox/BafnaLab/ecDNA/AA_results/Contino_EAC/contino_ac_102622/files/ERR1414285.cs.rmdup_CNV_CALLS.bed	/Users/jluebeck/Dropbox/BafnaLab/ecDNA/AA_results/Contino_EAC/AA_outputs/OACP4-C/OACP4-C_AA_results/OACP4-C_amplicon17.png	/Users/jluebeck/Dropbox/BafnaLab/ecDNA/AA_results/Contino_EAC/AA_outputs/OACP4-C/OACP4-C_AA_results/OACP4-C_amplicon17.pdf	/Users/jluebeck/Dropbox/BafnaLab/ecDNA/AA_results/Contino_EAC/sample_jsons/OACP4-C.json
OACP4-C	18	OACP4-C_amplicon18_ecDNA_1	ecDNA	['chr11:46705830-46998218']	[]	['C11orf49', 'CKAP5', 'F2', 'LRP4', 'LRP4-AS1', 'SNORD67']	0.2460149335059247	292388	5.669272606487332	5.669272606487332	LowCN	GRCh38	esophagus	cell line	/Users/jluebeck/Dropbox/BafnaLab/ecDNA/AA_results/Contino_EAC/contino_ac_102622/Contino_classification_bed_files/OACP4-C_amplicon18_ecDNA_1_intervals.bed	/Users/jluebeck/Dropbox/BafnaLab/ecDNA/AA_results/Contino_EAC/contino_ac_102622/files/ERR1414285.cs.rmdup_CNV_CALLS.bed	/Users/jluebeck/Dropbox/BafnaLab/ecDNA/AA_results/Contino_EAC/AA_outputs/OACP4-C/OACP4-C_AA_results/OACP4-C_amplicon18.png	/Users/jluebeck/Dropbox/BafnaLab/ecDNA/AA_results/Contino_EAC/AA_outputs/OACP4-C/OACP4-C_AA_results/OACP4-C_amplicon18.pdf	/Users/jluebeck/Dropbox/BafnaLab/ecDNA/AA_results/Contino_EAC/sample_jsons/OACP4-C.json
OACP4-C	19	OACP4-C_amplicon19_Linear amplification_1	Linear amplification	['chr11:47371256-47476260']	['SPI1']	['PSMC3', 'RAPSN', 'SLC39A13', 'SPI1']	0.05225028371737705	105004	5.298626637118874	5.439910976818806	None	GRCh38	esophagus	cell line	/Users/jluebeck/Dropbox/BafnaLab/ecDNA/AA_results/Contino_EAC/contino_ac_102622/Contino_classification_bed_files/OACP4-C_amplicon19_Linear amplification_1_intervals.bed	/Users/jluebeck/Dropbox/BafnaLab/ecDNA/AA_results/Contino_EAC/contino_ac_102622/files/ERR1414285.cs.rmdup_CNV_CALLS.bed	/Users/jluebeck/Dropbox/BafnaLab/ecDNA/AA_results/Contino_EAC/AA_outputs/OACP4-C/OACP4-C_AA_results/OACP4-C_amplicon19.png	/Users/jluebeck/Dropbox/BafnaLab/ecDNA/AA_results/Contino_EAC/AA_outputs/OACP4-C/OACP4-C_AA_results/OACP4-C_amplicon19.pdf	/Users/jluebeck/Dropbox/BafnaLab/ecDNA/AA_results/Contino_EAC/sample_jsons/OACP4-C.json
OACP4-C	1	OACP4-C_amplicon1_ecDNA_1	ecDNA	['chr1:150977280-151335523', 'chr1:151381387-151382150', 'chr1:151382256-151555087']	['MLLT11']	['ANXA9', 'BNIPL', 'C1orf56', 'CDC42SE1', 'CGN', 'GABPB2', 'LYSMD1', 'MINDY1', 'MLLT11', 'PI4KB', 'PIP5K1A', 'POGZ', 'PRUNE1', 'PSMB4', 'PSMD4', 'SCNM1', 'SEMA6C', 'TMOD4', 'TNFAIP8L2', 'TNFAIP8L2-SCNM1', 'TUFT1', 'VPS72', 'ZNF687', 'ZNF687-AS1']	0.868089629424462	531837	6.32817852059679	7.924595966051388	LowCN	GRCh38	esophagus	cell line	/Users/jluebeck/Dropbox/BafnaLab/ecDNA/AA_results/Contino_EAC/contino_ac_102622/Contino_classification_bed_files/OACP4-C_amplicon1_ecDNA_1_intervals.bed	/Users/jluebeck/Dropbox/BafnaLab/ecDNA/AA_results/Contino_EAC/contino_ac_102622/files/ERR1414285.cs.rmdup_CNV_CALLS.bed	/Users/jluebeck/Dropbox/BafnaLab/ecDNA/AA_results/Contino_EAC/AA_outputs/OACP4-C/OACP4-C_AA_results/OACP4-C_amplicon1.png	/Users/jluebeck/Dropbox/BafnaLab/ecDNA/AA_results/Contino_EAC/AA_outputs/OACP4-C/OACP4-C_AA_results/OACP4-C_amplicon1.pdf	/Users/jluebeck/Dropbox/BafnaLab/ecDNA/AA_results/Contino_EAC/sample_jsons/OACP4-C.json
OACP4-C	20	OACP4-C_amplicon20_ecDNA_1	ecDNA	['chr14:61108906-62107351']	[]	['FLJ22447', 'HIF1A', 'HIF1A-AS1', 'HIF1A-AS2', 'HIF1A-AS3', 'PRKCH', 'SNAPC1', 'SYT16', 'TMEM30B']	0.6910059646026332	998445	5.932220527722416	12.705715638551897	None	GRCh38	esophagus	cell line	/Users/jluebeck/Dropbox/BafnaLab/ecDNA/AA_results/Contino_EAC/contino_ac_102622/Contino_classification_bed_files/OACP4-C_amplicon20_ecDNA_1_intervals.bed	/Users/jluebeck/Dropbox/BafnaLab/ecDNA/AA_results/Contino_EAC/contino_ac_102622/files/ERR1414285.cs.rmdup_CNV_CALLS.bed	/Users/jluebeck/Dropbox/BafnaLab/ecDNA/AA_results/Contino_EAC/AA_outputs/OACP4-C/OACP4-C_AA_results/OACP4-C_amplicon20.png	/Users/jluebeck/Dropbox/BafnaLab/ecDNA/AA_results/Contino_EAC/AA_outputs/OACP4-C/OACP4-C_AA_results/OACP4-C_amplicon20.pdf	/Users/jluebeck/Dropbox/BafnaLab/ecDNA/AA_results/Contino_EAC/sample_jsons/OACP4-C.json
OACP4-C	21	OACP4-C_amplicon21_Linear amplification_1	Linear amplification	['chr14:75097987-75377994']	['FOS']	['FOS', 'NEK9', 'TMED10']	0.36659335271088667	280007	5.814940770026611	5.814940770026611	None	GRCh38	esophagus	cell line	/Users/jluebeck/Dropbox/BafnaLab/ecDNA/AA_results/Contino_EAC/contino_ac_102622/Contino_classification_bed_files/OACP4-C_amplicon21_Linear amplification_1_intervals.bed	/Users/jluebeck/Dropbox/BafnaLab/ecDNA/AA_results/Contino_EAC/contino_ac_102622/files/ERR1414285.cs.rmdup_CNV_CALLS.bed	/Users/jluebeck/Dropbox/BafnaLab/ecDNA/AA_results/Contino_EAC/AA_outputs/OACP4-C/OACP4-C_AA_results/OACP4-C_amplicon21.png	/Users/jluebeck/Dropbox/BafnaLab/ecDNA/AA_results/Contino_EAC/AA_outputs/OACP4-C/OACP4-C_AA_results/OACP4-C_amplicon21.pdf	/Users/jluebeck/Dropbox/BafnaLab/ecDNA/AA_results/Contino_EAC/sample_jsons/OACP4-C.json
OACP4-C	22	OACP4-C_amplicon22_Linear amplification_1	Linear amplification	['chr22:40908233-41018758', 'chr17:854020-898385', 'chr17:899037-1179036', 'chr17:47931578-48006581']	[]	['ABR', 'CDK5RAP3', 'NXN', 'PNPO', 'PRR15L', 'RBX1', 'SP2-AS1', 'TIMM22']	1.382750142913341	509892	5.4402204341179745	9.781537552777309	None	GRCh38	esophagus	cell line	/Users/jluebeck/Dropbox/BafnaLab/ecDNA/AA_results/Contino_EAC/contino_ac_102622/Contino_classification_bed_files/OACP4-C_amplicon22_Linear amplification_1_intervals.bed	/Users/jluebeck/Dropbox/BafnaLab/ecDNA/AA_results/Contino_EAC/contino_ac_102622/files/ERR1414285.cs.rmdup_CNV_CALLS.bed	/Users/jluebeck/Dropbox/BafnaLab/ecDNA/AA_results/Contino_EAC/AA_outputs/OACP4-C/OACP4-C_AA_results/OACP4-C_amplicon22.png	/Users/jluebeck/Dropbox/BafnaLab/ecDNA/AA_results/Contino_EAC/AA_outputs/OACP4-C/OACP4-C_AA_results/OACP4-C_amplicon22.pdf	/Users/jluebeck/Dropbox/BafnaLab/ecDNA/AA_results/Contino_EAC/sample_jsons/OACP4-C.json
OACP4-C	23	OACP4-C_amplicon23_ecDNA_1	ecDNA	['chr17:30280051-30342823']	[]	['BLMH', 'TMIGD1']	0.21999026846938352	62772	5.857985036403929	5.857985036403929	LowCN	GRCh38	esophagus	cell line	/Users/jluebeck/Dropbox/BafnaLab/ecDNA/AA_results/Contino_EAC/contino_ac_102622/Contino_classification_bed_files/OACP4-C_amplicon23_ecDNA_1_intervals.bed	/Users/jluebeck/Dropbox/BafnaLab/ecDNA/AA_results/Contino_EAC/contino_ac_102622/files/ERR1414285.cs.rmdup_CNV_CALLS.bed	/Users/jluebeck/Dropbox/BafnaLab/ecDNA/AA_results/Contino_EAC/AA_outputs/OACP4-C/OACP4-C_AA_results/OACP4-C_amplicon23.png	/Users/jluebeck/Dropbox/BafnaLab/ecDNA/AA_results/Contino_EAC/AA_outputs/OACP4-C/OACP4-C_AA_results/OACP4-C_amplicon23.pdf	/Users/jluebeck/Dropbox/BafnaLab/ecDNA/AA_results/Contino_EAC/sample_jsons/OACP4-C.json
OACP4-C	24	OACP4-C_amplicon24_ecDNA_1	ecDNA	['chr17:39499193-40551116']	['CDC6', 'CSF3', 'ERBB2', 'RARA', 'THRA', 'TNS4']	['CASC3', 'CDC6', 'CSF3', 'ERBB2', 'GJD3', 'GRB7', 'GSDMA', 'GSDMB', 'IGFBP4', 'IKZF3', 'LRRC3C', 'MED24', 'MIEN1', 'MSL1', 'NEUROD2', 'NR1D1', 'ORMDL3', 'PGAP3', 'PNMT', 'PPP1R1B', 'PSMD3', 'RAPGEFL1', 'RARA', 'RARA-AS1', 'SNORD124', 'STARD3', 'TCAP', 'THRA', 'TNS4', 'TOP2A', 'WIPF2', 'ZPBP2']	0.5683957591520632	1051923	5.549261244681227	9.18906929137306	None	GRCh38	esophagus	cell line	/Users/jluebeck/Dropbox/BafnaLab/ecDNA/AA_results/Contino_EAC/contino_ac_102622/Contino_classification_bed_files/OACP4-C_amplicon24_ecDNA_1_intervals.bed	/Users/jluebeck/Dropbox/BafnaLab/ecDNA/AA_results/Contino_EAC/contino_ac_102622/files/ERR1414285.cs.rmdup_CNV_CALLS.bed	/Users/jluebeck/Dropbox/BafnaLab/ecDNA/AA_results/Contino_EAC/AA_outputs/OACP4-C/OACP4-C_AA_results/OACP4-C_amplicon24.png	/Users/jluebeck/Dropbox/BafnaLab/ecDNA/AA_results/Contino_EAC/AA_outputs/OACP4-C/OACP4-C_AA_results/OACP4-C_amplicon24.pdf	/Users/jluebeck/Dropbox/BafnaLab/ecDNA/AA_results/Contino_EAC/sample_jsons/OACP4-C.json
OACP4-C	25	OACP4-C_amplicon25_Linear amplification_1	Linear amplification	['chr18:6611473-6631997', 'chr18:6830398-7875459']	[]	['LAMA1', 'LRRC30', 'PTPRM']	0.6158728732263674	1065585	9.804165153106988	9.804165153106988	None	GRCh38	esophagus	cell line	/Users/jluebeck/Dropbox/BafnaLab/ecDNA/AA_results/Contino_EAC/contino_ac_102622/Contino_classification_bed_files/OACP4-C_amplicon25_Linear amplification_1_intervals.bed	/Users/jluebeck/Dropbox/BafnaLab/ecDNA/AA_results/Contino_EAC/contino_ac_102622/files/ERR1414285.cs.rmdup_CNV_CALLS.bed	/Users/jluebeck/Dropbox/BafnaLab/ecDNA/AA_results/Contino_EAC/AA_outputs/OACP4-C/OACP4-C_AA_results/OACP4-C_amplicon25.png	/Users/jluebeck/Dropbox/BafnaLab/ecDNA/AA_results/Contino_EAC/AA_outputs/OACP4-C/OACP4-C_AA_results/OACP4-C_amplicon25.pdf	/Users/jluebeck/Dropbox/BafnaLab/ecDNA/AA_results/Contino_EAC/sample_jsons/OACP4-C.json
OACP4-C	26	OACP4-C_amplicon26_ecDNA_1	ecDNA	['chr19:44677404-44863502']	['BCL3', 'CBLC']	['BCAM', 'BCL3', 'CBLC', 'CEACAM16', 'NECTIN2']	0.18462054097322972	186098	6.728496074225177	6.728496074225177	LowCN	GRCh38	esophagus	cell line	/Users/jluebeck/Dropbox/BafnaLab/ecDNA/AA_results/Contino_EAC/contino_ac_102622/Contino_classification_bed_files/OACP4-C_amplicon26_ecDNA_1_intervals.bed	/Users/jluebeck/Dropbox/BafnaLab/ecDNA/AA_results/Contino_EAC/contino_ac_102622/files/ERR1414285.cs.rmdup_CNV_CALLS.bed	/Users/jluebeck/Dropbox/BafnaLab/ecDNA/AA_results/Contino_EAC/AA_outputs/OACP4-C/OACP4-C_AA_results/OACP4-C_amplicon26.png	/Users/jluebeck/Dropbox/BafnaLab/ecDNA/AA_results/Contino_EAC/AA_outputs/OACP4-C/OACP4-C_AA_results/OACP4-C_amplicon26.pdf	/Users/jluebeck/Dropbox/BafnaLab/ecDNA/AA_results/Contino_EAC/sample_jsons/OACP4-C.json
OACP4-C	27	OACP4-C_amplicon27_ecDNA_1	ecDNA	['chr20:50219830-50528956']	[]	['PTPN1', 'SMIM25']	0.592797591122107	309126	8.256409662102337	10.10075801146324	None	GRCh38	esophagus	cell line	/Users/jluebeck/Dropbox/BafnaLab/ecDNA/AA_results/Contino_EAC/contino_ac_102622/Contino_classification_bed_files/OACP4-C_amplicon27_ecDNA_1_intervals.bed	/Users/jluebeck/Dropbox/BafnaLab/ecDNA/AA_results/Contino_EAC/contino_ac_102622/files/ERR1414285.cs.rmdup_CNV_CALLS.bed	/Users/jluebeck/Dropbox/BafnaLab/ecDNA/AA_results/Contino_EAC/AA_outputs/OACP4-C/OACP4-C_AA_results/OACP4-C_amplicon27.png	/Users/jluebeck/Dropbox/BafnaLab/ecDNA/AA_results/Contino_EAC/AA_outputs/OACP4-C/OACP4-C_AA_results/OACP4-C_amplicon27.pdf	/Users/jluebeck/Dropbox/BafnaLab/ecDNA/AA_results/Contino_EAC/sample_jsons/OACP4-C.json
OACP4-C	2	OACP4-C_amplicon2_ecDNA_1	ecDNA	['chr11:74334424-74806136', 'chr6:24496761-24831598']	['GMNN']	['ACOT13', 'ARMH2', 'C6orf62', 'CHRDL2', 'GMNN', 'KCNE3', 'KIAA0319', 'LIPT2', 'PGM2L1', 'POLD3', 'RNF169', 'TDP2']	0.6330514453112424	806549	7.272384750524496	13.227001084166858	None	GRCh38	esophagus	cell line	/Users/jluebeck/Dropbox/BafnaLab/ecDNA/AA_results/Contino_EAC/contino_ac_102622/Contino_classification_bed_files/OACP4-C_amplicon2_ecDNA_1_intervals.bed	/Users/jluebeck/Dropbox/BafnaLab/ecDNA/AA_results/Contino_EAC/contino_ac_102622/files/ERR1414285.cs.rmdup_CNV_CALLS.bed	/Users/jluebeck/Dropbox/BafnaLab/ecDNA/AA_results/Contino_EAC/AA_outputs/OACP4-C/OACP4-C_AA_results/OACP4-C_amplicon2.png	/Users/jluebeck/Dropbox/BafnaLab/ecDNA/AA_results/Contino_EAC/AA_outputs/OACP4-C/OACP4-C_AA_results/OACP4-C_amplicon2.pdf	/Users/jluebeck/Dropbox/BafnaLab/ecDNA/AA_results/Contino_EAC/sample_jsons/OACP4-C.json
OACP4-C	3	OACP4-C_amplicon3_ecDNA_1	ecDNA	['chr1:42736500-42864855']	[]	['C1orf50', 'CLDN19', 'ERMAP', 'P3H1', 'SVBP', 'TMEM269', 'TMEM269-DT', 'ZNF691']	0.695596536733367	128355	5.541423917969513	5.541423917969513	LowCN	GRCh38	esophagus	cell line	/Users/jluebeck/Dropbox/BafnaLab/ecDNA/AA_results/Contino_EAC/contino_ac_102622/Contino_classification_bed_files/OACP4-C_amplicon3_ecDNA_1_intervals.bed	/Users/jluebeck/Dropbox/BafnaLab/ecDNA/AA_results/Contino_EAC/contino_ac_102622/files/ERR1414285.cs.rmdup_CNV_CALLS.bed	/Users/jluebeck/Dropbox/BafnaLab/ecDNA/AA_results/Contino_EAC/AA_outputs/OACP4-C/OACP4-C_AA_results/OACP4-C_amplicon3.png	/Users/jluebeck/Dropbox/BafnaLab/ecDNA/AA_results/Contino_EAC/AA_outputs/OACP4-C/OACP4-C_AA_results/OACP4-C_amplicon3.pdf	/Users/jluebeck/Dropbox/BafnaLab/ecDNA/AA_results/Contino_EAC/sample_jsons/OACP4-C.json
OACP4-C	4	OACP4-C_amplicon4_ecDNA_1	ecDNA	['chr1:178937960-179077692']	[]	['FAM20B']	0.3448938809703611	139732	5.648878345894416	5.648878345894416	LowCN	GRCh38	esophagus	cell line	/Users/jluebeck/Dropbox/BafnaLab/ecDNA/AA_results/Contino_EAC/contino_ac_102622/Contino_classification_bed_files/OACP4-C_amplicon4_ecDNA_1_intervals.bed	/Users/jluebeck/Dropbox/BafnaLab/ecDNA/AA_results/Contino_EAC/contino_ac_102622/files/ERR1414285.cs.rmdup_CNV_CALLS.bed	/Users/jluebeck/Dropbox/BafnaLab/ecDNA/AA_results/Contino_EAC/AA_outputs/OACP4-C/OACP4-C_AA_results/OACP4-C_amplicon4.png	/Users/jluebeck/Dropbox/BafnaLab/ecDNA/AA_results/Contino_EAC/AA_outputs/OACP4-C/OACP4-C_AA_results/OACP4-C_amplicon4.pdf	/Users/jluebeck/Dropbox/BafnaLab/ecDNA/AA_results/Contino_EAC/sample_jsons/OACP4-C.json
OACP4-C	5	OACP4-C_amplicon5_ecDNA_1	ecDNA	['chr1:216601755-216794399']	[]	['ESRRG']	0.24104364747015208	192644	6.037105584064188	6.037105584064188	LowCN	GRCh38	esophagus	cell line	/Users/jluebeck/Dropbox/BafnaLab/ecDNA/AA_results/Contino_EAC/contino_ac_102622/Contino_classification_bed_files/OACP4-C_amplicon5_ecDNA_1_intervals.bed	/Users/jluebeck/Dropbox/BafnaLab/ecDNA/AA_results/Contino_EAC/contino_ac_102622/files/ERR1414285.cs.rmdup_CNV_CALLS.bed	/Users/jluebeck/Dropbox/BafnaLab/ecDNA/AA_results/Contino_EAC/AA_outputs/OACP4-C/OACP4-C_AA_results/OACP4-C_amplicon5.png	/Users/jluebeck/Dropbox/BafnaLab/ecDNA/AA_results/Contino_EAC/AA_outputs/OACP4-C/OACP4-C_AA_results/OACP4-C_amplicon5.pdf	/Users/jluebeck/Dropbox/BafnaLab/ecDNA/AA_results/Contino_EAC/sample_jsons/OACP4-C.json
OACP4-C	6	OACP4-C_amplicon6_Linear amplification_1	Linear amplification	['chr1:241232158-241862099']	['FH']	['CHML', 'EXO1', 'FH', 'KMO', 'OPN3', 'RGS7', 'WDR64']	0.18661226535455844	629941	7.4348614620705815	7.4348614620705815	None	GRCh38	esophagus	cell line	/Users/jluebeck/Dropbox/BafnaLab/ecDNA/AA_results/Contino_EAC/contino_ac_102622/Contino_classification_bed_files/OACP4-C_amplicon6_Linear amplification_1_intervals.bed	/Users/jluebeck/Dropbox/BafnaLab/ecDNA/AA_results/Contino_EAC/contino_ac_102622/files/ERR1414285.cs.rmdup_CNV_CALLS.bed	/Users/jluebeck/Dropbox/BafnaLab/ecDNA/AA_results/Contino_EAC/AA_outputs/OACP4-C/OACP4-C_AA_results/OACP4-C_amplicon6.png	/Users/jluebeck/Dropbox/BafnaLab/ecDNA/AA_results/Contino_EAC/AA_outputs/OACP4-C/OACP4-C_AA_results/OACP4-C_amplicon6.pdf	/Users/jluebeck/Dropbox/BafnaLab/ecDNA/AA_results/Contino_EAC/sample_jsons/OACP4-C.json
OACP4-C	7	OACP4-C_amplicon7_ecDNA_1	ecDNA	['chr2:105493218-105696006']	[]	[]	0.33897027268444374	202788	5.905739640287062	7.01394936820873	LowCN	GRCh38	esophagus	cell line	/Users/jluebeck/Dropbox/BafnaLab/ecDNA/AA_results/Contino_EAC/contino_ac_102622/Contino_classification_bed_files/OACP4-C_amplicon7_ecDNA_1_intervals.bed	/Users/jluebeck/Dropbox/BafnaLab/ecDNA/AA_results/Contino_EAC/contino_ac_102622/files/ERR1414285.cs.rmdup_CNV_CALLS.bed	/Users/jluebeck/Dropbox/BafnaLab/ecDNA/AA_results/Contino_EAC/AA_outputs/OACP4-C/OACP4-C_AA_results/OACP4-C_amplicon7.png	/Users/jluebeck/Dropbox/BafnaLab/ecDNA/AA_results/Contino_EAC/AA_outputs/OACP4-C/OACP4-C_AA_results/OACP4-C_amplicon7.pdf	/Users/jluebeck/Dropbox/BafnaLab/ecDNA/AA_results/Contino_EAC/sample_jsons/OACP4-C.json
OACP4-C	8	OACP4-C_amplicon8_ecDNA_1	ecDNA	['chr5:720253-847075', 'chr5:861014-1178179', 'chr5:1180617-1192223', 'chr5:1192906-1576610']	['TERT']	['BRD9', 'CLPTM1L', 'LPCAT1', 'NKD2', 'SLC12A7', 'SLC6A18', 'SLC6A19', 'SLC6A3', 'TERT', 'TRIP13', 'ZDHHC11B']	0.684648724590708	839297	13.610331078371159	18.075529042996695	None	GRCh38	esophagus	cell line	/Users/jluebeck/Dropbox/BafnaLab/ecDNA/AA_results/Contino_EAC/contino_ac_102622/Contino_classification_bed_files/OACP4-C_amplicon8_ecDNA_1_intervals.bed	/Users/jluebeck/Dropbox/BafnaLab/ecDNA/AA_results/Contino_EAC/contino_ac_102622/files/ERR1414285.cs.rmdup_CNV_CALLS.bed	/Users/jluebeck/Dropbox/BafnaLab/ecDNA/AA_results/Contino_EAC/AA_outputs/OACP4-C/OACP4-C_AA_results/OACP4-C_amplicon8.png	/Users/jluebeck/Dropbox/BafnaLab/ecDNA/AA_results/Contino_EAC/AA_outputs/OACP4-C/OACP4-C_AA_results/OACP4-C_amplicon8.pdf	/Users/jluebeck/Dropbox/BafnaLab/ecDNA/AA_results/Contino_EAC/sample_jsons/OACP4-C.json
OACP4-C	9	OACP4-C_amplicon9_ecDNA_1	ecDNA	['chr4:157994547-157994832', 'chr4:157994836-158258830']	[]	['FAM198B-AS1', 'GASK1B', 'TMEM144']	0.7249837885006313	264279	5.744705853118327	5.744705853118327	LowCN	GRCh38	esophagus	cell line	/Users/jluebeck/Dropbox/BafnaLab/ecDNA/AA_results/Contino_EAC/contino_ac_102622/Contino_classification_bed_files/OACP4-C_amplicon9_ecDNA_1_intervals.bed	/Users/jluebeck/Dropbox/BafnaLab/ecDNA/AA_results/Contino_EAC/contino_ac_102622/files/ERR1414285.cs.rmdup_CNV_CALLS.bed	/Users/jluebeck/Dropbox/BafnaLab/ecDNA/AA_results/Contino_EAC/AA_outputs/OACP4-C/OACP4-C_AA_results/OACP4-C_amplicon9.png	/Users/jluebeck/Dropbox/BafnaLab/ecDNA/AA_results/Contino_EAC/AA_outputs/OACP4-C/OACP4-C_AA_results/OACP4-C_amplicon9.pdf	/Users/jluebeck/Dropbox/BafnaLab/ecDNA/AA_results/Contino_EAC/sample_jsons/OACP4-C.json
OE33	1	OE33_amplicon1_ecDNA_1	ecDNA	['chr7:113431117-113776121', 'chr7:113782152-120484415']	['CAV1', 'MET', 'WNT2']	['ANKRD7', 'ASZ1', 'CAPZA2', 'CAV1', 'CAV2', 'CFTR', 'CFTR-AS1', 'CTTNBP2', 'FOXP2', 'KCND2', 'LSM8', 'MDFIC', 'MET', 'PPP1R3A', 'SNORA25B', 'ST7', 'ST7-AS1', 'ST7-AS2', 'ST7-OT3', 'ST7-OT4', 'TES', 'TFEC', 'WNT2']	0.23594492831072203	7047267	11.311169844207724	13.244657309188234	None	GRCh38	esophagus	cell line	/Users/jluebeck/Dropbox/BafnaLab/ecDNA/AA_results/Contino_EAC/contino_ac_102622/Contino_classification_bed_files/OE33_amplicon1_ecDNA_1_intervals.bed	/Users/jluebeck/Dropbox/BafnaLab/ecDNA/AA_results/Contino_EAC/contino_ac_102622/files/ERR1414284.cs.rmdup_CNV_CALLS.bed	/Users/jluebeck/Dropbox/BafnaLab/ecDNA/AA_results/Contino_EAC/AA_outputs/OE33/OE33_AA_results/OE33_amplicon1.png	/Users/jluebeck/Dropbox/BafnaLab/ecDNA/AA_results/Contino_EAC/AA_outputs/OE33/OE33_AA_results/OE33_amplicon1.pdf	/Users/jluebeck/Dropbox/BafnaLab/ecDNA/AA_results/Contino_EAC/sample_jsons/OE33.json
OE33	2	OE33_amplicon2_Linear amplification_1	Linear amplification	['chr8:127253811-127308812']	[]	[]	0	55001	5.778905917961555	5.778905917961555	None	GRCh38	esophagus	cell line	/Users/jluebeck/Dropbox/BafnaLab/ecDNA/AA_results/Contino_EAC/contino_ac_102622/Contino_classification_bed_files/OE33_amplicon2_Linear amplification_1_intervals.bed	/Users/jluebeck/Dropbox/BafnaLab/ecDNA/AA_results/Contino_EAC/contino_ac_102622/files/ERR1414284.cs.rmdup_CNV_CALLS.bed	/Users/jluebeck/Dropbox/BafnaLab/ecDNA/AA_results/Contino_EAC/AA_outputs/OE33/OE33_AA_results/OE33_amplicon2.png	/Users/jluebeck/Dropbox/BafnaLab/ecDNA/AA_results/Contino_EAC/AA_outputs/OE33/OE33_AA_results/OE33_amplicon2.pdf	/Users/jluebeck/Dropbox/BafnaLab/ecDNA/AA_results/Contino_EAC/sample_jsons/OE33.json
OE33	3	OE33_amplicon3_ecDNA_1	ecDNA	['chr17:29187871-29854742']	[]	['ABHD15', 'ANKRD13B', 'CORO6', 'CRYBA1', 'GIT1', 'NUFIP2', 'TAOK1', 'TP53I13']	0.2570509137666233	666871	7.463150516274534	7.463150516274534	LowCN	GRCh38	esophagus	cell line	/Users/jluebeck/Dropbox/BafnaLab/ecDNA/AA_results/Contino_EAC/contino_ac_102622/Contino_classification_bed_files/OE33_amplicon3_ecDNA_1_intervals.bed	/Users/jluebeck/Dropbox/BafnaLab/ecDNA/AA_results/Contino_EAC/contino_ac_102622/files/ERR1414284.cs.rmdup_CNV_CALLS.bed	/Users/jluebeck/Dropbox/BafnaLab/ecDNA/AA_results/Contino_EAC/AA_outputs/OE33/OE33_AA_results/OE33_amplicon3.png	/Users/jluebeck/Dropbox/BafnaLab/ecDNA/AA_results/Contino_EAC/AA_outputs/OE33/OE33_AA_results/OE33_amplicon3.pdf	/Users/jluebeck/Dropbox/BafnaLab/ecDNA/AA_results/Contino_EAC/sample_jsons/OE33.json
OE33	4	OE33_amplicon4_BFB_1	BFB	['chr17:37254542-38479281', 'chr17:39637013-40073880', 'chr17:41215007-41265515', 'chr17:41275917-41903765']	['CSF3', 'ERBB2', 'JUP', 'TBC1D3', 'TBC1D3C', 'THRA']	['ACACA', 'ARHGAP23', 'C17orf78', 'CSF3', 'DDX52', 'DUSP14', 'EIF1', 'ERBB2', 'FKBP10', 'GAST', 'GPR179', 'GRB7', 'GSDMA', 'GSDMB', 'HAP1', 'HNF1B', 'IKZF3', 'JUP', 'KLHL10', 'KLHL11', 'KRT13', 'KRT14', 'KRT15', 'KRT16', 'KRT17', 'KRT19', 'KRT31', 'KRT32', 'KRT33A', 'KRT33B', 'KRT34', 'KRT35', 'KRT36', 'KRT37', 'KRT38', 'KRT42P', 'KRT9', 'KRTAP16-1', 'KRTAP17-1', 'KRTAP29-1', 'KRTAP9-2', 'KRTAP9-3', 'KRTAP9-4', 'KRTAP9-6', 'KRTAP9-8', 'KRTAP9-9', 'LRRC3C', 'MED24', 'MIEN1', 'MRPL45', 'NT5C3B', 'ORMDL3', 'P3H4', 'PGAP3', 'PNMT', 'PSMD3', 'SNORD124', 'SOCS7', 'STARD3', 'SYNRG', 'TADA2A', 'TBC1D3', 'TBC1D3C', 'TBC1D3E', 'TCAP', 'THRA', 'YWHAEP7', 'ZPBP2']	1.4523852406992628	2339962	12.700890829711831	39.00133759443365	None	GRCh38	esophagus	cell line	/Users/jluebeck/Dropbox/BafnaLab/ecDNA/AA_results/Contino_EAC/contino_ac_102622/Contino_classification_bed_files/OE33_amplicon4_BFB_1_intervals.bed	/Users/jluebeck/Dropbox/BafnaLab/ecDNA/AA_results/Contino_EAC/contino_ac_102622/files/ERR1414284.cs.rmdup_CNV_CALLS.bed	/Users/jluebeck/Dropbox/BafnaLab/ecDNA/AA_results/Contino_EAC/AA_outputs/OE33/OE33_AA_results/OE33_amplicon4.png	/Users/jluebeck/Dropbox/BafnaLab/ecDNA/AA_results/Contino_EAC/AA_outputs/OE33/OE33_AA_results/OE33_amplicon4.pdf	/Users/jluebeck/Dropbox/BafnaLab/ecDNA/AA_results/Contino_EAC/sample_jsons/OE33.json
SK-GT-4	1	SK-GT-4_amplicon1_Linear amplification_1	Linear amplification	['chr14:31605485-31636020', 'chr14:31911996-32101998', 'chr11:132482380-132492915']	[]	['ARHGAP5', 'ARHGAP5-AS1']	0.5532443839254368	231072	5.455411575382751	7.4898147737308784	None	GRCh38	esophagus	cell line	/Users/jluebeck/Dropbox/BafnaLab/ecDNA/AA_results/Contino_EAC/contino_ac_102622/Contino_classification_bed_files/SK-GT-4_amplicon1_Linear amplification_1_intervals.bed	/Users/jluebeck/Dropbox/BafnaLab/ecDNA/AA_results/Contino_EAC/contino_ac_102622/files/ERR1414283.cs.rmdup_CNV_CALLS.bed	/Users/jluebeck/Dropbox/BafnaLab/ecDNA/AA_results/Contino_EAC/AA_outputs/SK-GT-4/SK-GT-4_AA_results/SK-GT-4_amplicon1.png	/Users/jluebeck/Dropbox/BafnaLab/ecDNA/AA_results/Contino_EAC/AA_outputs/SK-GT-4/SK-GT-4_AA_results/SK-GT-4_amplicon1.pdf	/Users/jluebeck/Dropbox/BafnaLab/ecDNA/AA_results/Contino_EAC/sample_jsons/SK-GT-4.json
SK-GT-4	2	SK-GT-4_amplicon2_Complex non-cyclic_1	Complex non-cyclic	['chr14:28268211-28288747', 'chr14:32637012-35038508', 'chr14:35040301-35136434', 'chr14:35145842-37187117', 'chr14:38286555-38307091', 'chr14:38397014-38607549', 'chr14:45852316-46807338']	['NKX2-1']	['BAZ1A', 'BRMS1L', 'CFL2', 'EAPP', 'EGLN3', 'FAM177A1', 'IGBP1P1', 'INSM2', 'MBIP', 'NFKBIA', 'NKX2-1', 'NKX2-1-AS1', 'NKX2-8', 'NPAS3', 'PAX9', 'PPP2R3C', 'PRORP', 'PSMA6', 'PTCSC3', 'RALGAPA1', 'RPL10L', 'SFTA3', 'SLC25A21', 'SLC25A21-AS1', 'SNORA101B', 'SNORA89', 'SNX6', 'SPTSSA', 'SRP54', 'SRP54-AS1']	1.5894291386473112	5745533	8.869419220173317	11.151947911326653	None	GRCh38	esophagus	cell line	/Users/jluebeck/Dropbox/BafnaLab/ecDNA/AA_results/Contino_EAC/contino_ac_102622/Contino_classification_bed_files/SK-GT-4_amplicon2_Complex non-cyclic_1_intervals.bed	/Users/jluebeck/Dropbox/BafnaLab/ecDNA/AA_results/Contino_EAC/contino_ac_102622/files/ERR1414283.cs.rmdup_CNV_CALLS.bed	/Users/jluebeck/Dropbox/BafnaLab/ecDNA/AA_results/Contino_EAC/AA_outputs/SK-GT-4/SK-GT-4_AA_results/SK-GT-4_amplicon2.png	/Users/jluebeck/Dropbox/BafnaLab/ecDNA/AA_results/Contino_EAC/AA_outputs/SK-GT-4/SK-GT-4_AA_results/SK-GT-4_amplicon2.pdf	/Users/jluebeck/Dropbox/BafnaLab/ecDNA/AA_results/Contino_EAC/sample_jsons/SK-GT-4.json
